Marque,Produit,Image FACE,Image PROFIL,Image DESSUS, Image 45°,URL Image Détail 1 ,URL Image Détail 2 ,Description Technique
Promess,BQ PROT VANILLE,https://drive.google.com/uc?export=view&id=1Ymg8xbziZeW5osfAmnUpwzqJHYGLdHuQ,https://drive.google.com/uc?export=view&id=1FW7jsh6ZwF_FkwvM9pUThO12obfA1Pyx,https://drive.google.com/uc?export=view&id=1FHdJCaRY_RmSziGFM3dCO-CfDfVgz5B3,https://drive.google.com/uc?export=view&id=10Wv9ZbkW0CvKB2owfu4KHvzpIHSThwOP,,,
Promess,BQ PROT CHOCO,https://drive.google.com/uc?export=view&id=1XIGSJY9_s2IPu-4NagzB2VTm55lbheXk,https://drive.google.com/uc?export=view&id=1JNVkTbWnW1RAvijTDL91rb94YAhTZaky,https://drive.google.com/uc?export=view&id=1DqVXweZquWdrpKJ4wbWctvLN-d06Kf3v,https://drive.google.com/uc?export=view&id=18iAD6cdfc0Lvd3g2XUbWCTT43u_qUZR4,,,
Promess,BQ YAOURT NATURE,,,,,,,
Promess,BQ YAOURT MYRTILLE,,,,,,,
Promess,BQ YAOURT FRAISE,,,,,,,
Promess,BQ LAIT ARO VANILLE,,,,,,,
Promess,BQ LAIT ARO BANANE,,,,,,,
Promess,BQ LAIT ARO CHOCOLAT,,,,,,,
Promess,BQ LAIT ARO FRAISE,,,,,,,
Promess,GRD,,,,,,,
Promess,GRD,,,,,,,
Promess,GRD,,,,,,,
Promess,GRD,,,,,,,
Promess,,,,,,,,
Promess,,,,,,,,
Promess,,,,,,,,
Promess,,,,,,,,
Promess,,,,,,,,
Promess,,,,,,,,
Promess,,,,,,,,
Promess,,,,,,,,
Promess,,,,,,,,
,,,,,,,,
,,,,,,,,
,,,,,,,,
,,,,,,,,
,,,,,,,,
,,,,,,,,
,,,,,,,,
,,,,,,,,
,,,,,,,,
,,,,,,,,
,,,,,,,,
,,,,,,,,
,,,,,,,,
,,,,,,,,
,,,,,,,,
,,,,,,,,
,,,,,,,,
,,,,,,,,
,,,,,,,,
,,,,,,,,
,,,,,,,,
,,,,,,,,
,,,,,,,,
,,,,,,,,
Popote,,,,,,,,
RTS,,,,,,,,
OEM,,,,,,,,